,city,country,lat,lng,temp,humidity,cloudiness,wind_speed
0,bethel,us,64.693748760086,-157.12656868352445,10.4,72,1,3.49
1,saskylakh,ru,89.94366374206373,109.85590644211882,-5.76,72,36,8.63
2,east london,za,-41.66710277806457,33.93069632672566,56.89,100,92,33.13
3,ushuaia,ar,-89.50320054312527,-74.61518523467501,-52.92,0,32,10.42
4,clyde river,ca,68.72678744970393,-83.99584133110906,-5.4,82,12,12.55
5,victoria,sc,0.8899603386896693,60.74088689626413,84.25,100,68,6.51
6,busselton,au,-40.354638732551976,101.57873457586531,57.52,100,24,27.09
7,ancud,cl,-40.51007677411476,-99.96922323170978,56.17,100,0,10.98
8,scottsbluff,us,42.370745074333826,-103.22079406007381,31.05,86,90,13.87
9,airai,pw,6.5217370059885225,143.0299736354328,81.91,100,12,10.65
10,katobu,id,-5.090269235359759,125.03424755460026,83.8,100,20,8.97
11,punta arenas,cl,-55.37379175316422,-76.1613272648814,41.13,100,20,10.98
12,midland,ca,44.813124711434895,-79.9148761958129,28.45,42,40,13.87
13,thai binh,vn,19.88898395007715,106.70035019332953,70.12,100,80,13.11
14,hobart,au,-77.62984937045752,150.73273638856213,-58.23,0,20,10.42
15,rikitea,pf,-44.44747245138024,-133.7543042560246,55.18,100,0,19.48
16,kapaa,us,39.637834321987874,-176.01613013619982,50.4,100,64,35.14
17,tazovskiy,ru,71.33292277124205,74.97548607960985,20.44,86,92,18.48
18,new norfolk,au,-57.6563812919825,131.8598894886671,38.25,100,88,24.07
19,rivadavia,ar,-33.789760553159006,-68.61803736283551,70.39,44,0,5.95
20,porto novo,cv,14.043913082216408,-38.524400396280974,74.97,100,92,17.47
21,sahrak,af,34.17512514976872,63.93859865267396,39.7,91,56,2.71
22,taolanaro,mg,-39.14461942781656,54.56664294337254,66.52,93,76,25.75
23,atuona,pf,-6.083983309094102,-140.15217821794158,81,98,64,16.02
24,illoqqortoormiut,gl,87.13909016680827,-14.635152669566583,-13.86,86,24,6.85
25,vanimo,pg,0.1944656424251301,141.37338647103053,83.35,100,0,3.49
26,port elizabeth,za,-83.02221825976414,32.43140577765395,-66.69,0,0,18.25
27,saldanha,za,-44.36020563007074,-2.8994113514188147,53.02,96,0,14.79
28,marathon,us,24.44274860370207,-80.66138396220093,87.8,58,1,10.29
29,tiksi,ru,84.29518937539412,122.00952124279792,10.08,82,68,9.75
30,noumea,nc,-27.128608302546628,162.5176825970649,74.44,100,48,19.15
31,arraial do cabo,br,-30.905923809043358,-37.341544320251394,71.73,100,92,14.23
32,ilulissat,gl,69.69757537878478,-46.34049422006472,0.72,79,0,22.39
33,barentsburg,sj,76.9861446919582,13.554581965185708,16.75,100,0,6.17
34,hermanus,za,-77.6912534418693,10.275474292745146,-55.17,0,36,3.04
35,mataura,pf,-35.768254303789604,-154.06401798153618,68.95,91,88,27.98
36,goderich,sl,3.790149154388649,-18.273322787249654,79.83,100,44,8.63
37,forio,it,40.051921632402156,12.960068568243535,59.5,98,48,8.08
38,rantepao,id,-3.080768622072773,119.83370196179239,64.62,100,20,1.81
39,castro,cl,-46.97045433041288,-79.41141152668577,48.97,100,12,18.48
40,evans,us,32.996409793257314,-82.45793348172639,67.33,88,90,4.7
41,bereda,so,12.228159119724758,51.25670488752456,81.27,91,32,11.99
42,bluff,nz,-74.53386121900743,172.23814019625812,2.88,100,0,15.68
43,alofi,nu,-21.359327225487995,-169.4750533860224,77.14,100,32,13
44,tuktoyaktuk,ca,87.4088210227105,-137.70738936339225,-3.42,77,48,8.41
45,vostok,ru,50.292938152684016,151.53228502459257,31.5,100,92,30.89
46,mananjary,mg,-21.60601254778377,48.50422970200463,76.69,100,80,9.31
47,satitoa,ws,-15.281058955212771,-170.5997771756739,82.62,100,80,10.76
48,revelstoke,ca,51.53288448636274,-117.78925688275055,37.45,59,90,11.41
49,dikson,ru,75.21747973225087,77.94462885080078,-1.17,80,76,19.26
50,kruisfontein,za,-71.19968992164014,27.536301726148626,-2.16,64,48,32.35
51,pisco,pe,-21.639728212186046,-92.25668721407332,69.22,100,8,6.06
52,hilo,us,15.21350799434892,-155.2192125817278,78.75,100,32,19.71
53,mayskiy,ru,48.3667817488163,139.42663298136105,12.6,88,36,2.15
54,albany,au,-66.8218203932512,108.18343329908132,2.88,100,12,15.46
55,marcona,pe,-25.008699827482868,-83.7280122585048,68.14,100,80,13
56,sitka,us,53.35708613342299,-138.52245378492125,43.65,93,92,13.67
57,belushya guba,ru,75.10224403047528,48.570120981350584,23.77,100,92,32.01
58,benguela,ao,-12.061291137275136,8.989690105730258,78.12,100,0,11.99
59,iquitos,pe,-2.718919236939188,-73.11318670244752,89.02,64,48,3.94
60,codrington,ag,20.454180957535453,-60.633522557037196,77.14,100,56,16.91
61,leningradskiy,ru,78.58750140671488,176.92121549203293,7.83,85,56,0.69
62,saint-philippe,re,-32.03279903278342,61.66029317519529,73.27,100,0,16.46
63,itaituba,br,-3.9980231924448772,-54.58616925756306,84.79,66,80,3.6
64,aberdeen,us,45.23597230486372,-98.58494280381818,28.4,46,1,3.36
65,naze,jp,23.45466384085577,134.36679647206952,70.12,100,80,17.81
66,geraldton,au,-33.73558974331348,97.3424893041915,64.9,100,76,20.94
67,talcahuano,cl,-30.978430951441158,-83.7198920572695,68.41,100,8,22.06
68,warrington,us,27.474339909354743,-87.05255481463425,76.87,95,0,19.82
69,delijan,ir,33.5922041873042,51.02330673005119,43.57,100,92,2.93
70,meulaboh,id,-1.9715878133629272,89.11900982734164,84.6,100,0,2.15
71,acajutiba,br,-11.655792046780078,-38.149905968398365,90.91,40,88,10.42
72,torbay,ca,39.81888145675011,-43.00799887796022,59.58,100,0,19.26
73,krasnyy chikoy,ru,49.408804121750684,108.66378488149572,13.5,64,20,2.26
74,souillac,mu,-28.1243341514162,60.43668348842946,76.5,98,32,23.73
75,samusu,ws,-2.5215246771608166,-163.41079133875,81,99,88,13.44
76,nazas,mx,25.41428249409692,-104.21275192903896,80.47,17,0,5.28
77,cim,ba,43.385472881503766,17.789520861551143,56.73,44,0,4.7
78,isangel,vu,-20.09100166639114,175.18237251193264,79.39,100,92,30.33
79,maceio,br,-18.605951122584443,-24.81167130641333,77.95,100,0,7.18
80,narsaq,gl,88.99410695443663,-61.80711303865679,-11.52,77,36,9.42
81,palauig,ph,14.446875805898548,117.2690553387461,81.1,99,80,22.39
82,poum,nc,-16.307100161290567,160.02096793521227,81,100,24,5.06
83,alegrete,br,-29.797111039505143,-55.73358593707849,84.52,67,0,4.61
84,les cayes,ht,16.438966476653814,-74.7538775365225,80.47,98,68,11.88
85,holoby,ua,51.01808699615245,24.914498117049316,45.72,55,0,8.41
86,grabouw,za,-34.11897832936808,18.99517931243614,62.6,72,0,9.17
87,mar del plata,ar,-48.89579152094857,-48.12453236696511,52.12,86,32,17.47
88,tasiilaq,gl,76.55216749046043,-32.954348870471954,-33.03,44,8,13
89,rongcheng,cn,24.04896151362088,115.8891664991567,43.38,59,0,3.27
90,palabuhanratu,id,-20.004795415309164,97.95418120045426,75.79,100,80,17.25
91,fare,pf,-10.164407102287091,-148.43660788058435,82.54,100,92,11.21
92,vestmanna,fo,67.84910507043682,-9.661972664829221,27.82,100,20,17.69
93,cherskiy,ru,79.77025591453186,156.98647050875638,1.08,63,0,14.9
94,bima,id,-8.694084757808104,119.35468473242746,83.17,99,48,1.92
95,cape town,za,-69.32717872038626,-9.038562982796638,20.07,100,48,23.73
96,kahului,us,32.42506214665927,-150.5575002261963,60.75,100,64,13.22
97,khatanga,ru,80.67582357409599,103.99785411164066,-14.94,45,0,12.77
98,alice springs,au,-20.37792473938528,133.21696863535186,73.72,27,0,11.77
99,jamestown,sh,-11.526780967119393,-4.778825460927038,77.95,100,88,14
100,cerritos,mx,22.94245964166146,-100.2962701560634,86.05,16,0,5.84
101,taywarah,af,33.41773960296406,63.933608669445,40.87,79,68,1.7
102,kasongo,cd,-4.809867915550289,26.764634083958356,73.81,89,24,2.93
103,taltal,cl,-24.58435480474325,-81.71179106904103,66.33,100,0,3.94
104,thompson,ca,79.80476431963335,-95.40820620778638,-13.14,80,8,0.69
105,butaritari,ki,3.6601245741810673,166.06454007680694,83.8,100,88,12.33
106,port shepstone,za,-37.487034121588714,40.430237306490575,67.15,100,92,11.21
107,georgetown,sh,-5.105954853132673,-8.697741550907182,81,100,8,12.21
108,louisbourg,ca,40.15898269920548,-59.195371983566936,65.89,98,24,38.83
109,volchikha,ru,52.2912026025204,80.8179176172111,35.65,97,56,7.74
110,kaitangata,nz,-59.83903834542751,173.1053805311242,37.54,100,12,17.69
111,matipo,br,-20.49199034684655,-42.52449940338609,72.45,96,80,3.94
112,olafsvik,is,64.65408864595476,-29.876162398742913,41.32,100,80,20.83
113,katsuura,jp,22.351184332041285,148.22002768250513,79.02,96,48,9.19
114,kaputa,zm,-7.88264411734311,29.262483188463296,60.94,93,12,0.58
115,halalo,wf,-14.187914178355621,-175.6340314996992,82.54,100,80,15.23
116,touros,br,5.061842301519235,-32.314306912254,78.67,100,32,9.75
117,hunza,pk,36.773796978202896,75.70551879385145,-19.71,32,8,1.03
118,carnarvon,au,-23.48907458827367,104.60680349999659,73.54,100,64,14.79
119,vaini,to,-74.69258603728694,-173.5315970082906,22.42,93,88,26.08
120,dakar,sn,13.178642349003818,-19.918790566952513,72.91,96,0,11.54
121,linjiang,cn,39.86938879380107,127.62238449839737,38.25,100,0,18.03
122,kiama,au,-37.273225947717215,155.07636901466807,68.32,100,0,4.83
123,tingo maria,pe,-9.449366542382458,-75.12148634958473,84.25,71,20,1.92
124,mys shmidta,ru,69.4013441789406,-178.95202257136262,5.05,78,48,11.77
125,nikolskoye,ru,39.73220654917719,177.27893328488545,51.49,100,92,15.9
126,te anau,nz,-38.5386722996263,163.74691034115781,64.45,100,48,10.54
127,neuquen,ar,-40.94764123663149,-69.02323835612123,60.85,18,0,6.96
128,tomatlan,mx,18.526798581722154,-108.03492489671461,74.97,100,0,5.73
129,itoman,jp,21.63540615995429,130.23608647854778,72.19,100,64,24.74
130,luderitz,na,-25.916639598420144,15.14188175543392,65.17,65,0,8.63
131,chuy,uy,-44.36819449575849,-40.70826550935092,55.35,100,56,12.66
132,nanortalik,gl,53.053421401174546,-44.12145305607545,36.55,100,68,35.14
133,antibes,fr,42.651789093855456,7.723473025378702,58.42,92,36,13.44
134,lolua,tv,-9.008090200148871,173.84465207478829,84.79,100,88,18.37
135,cabedelo,br,-5.861059955951121,-32.812460400438326,82.98,100,88,9.19
136,qaanaaq,gl,73.79410629393055,-75.75133058872703,0.45,100,44,13.22
137,marawi,sd,20.026508712992708,29.64859851325874,74.44,8,0,8.63
138,bredasdorp,za,-63.84204421776346,20.325532934629386,30.07,100,36,15.01
139,avarua,ck,-21.615144963344328,-161.6565829424608,75.79,100,88,8.3
140,fortuna,us,37.74980031177373,-143.39782383945908,54.45,100,92,21.39
141,ekhabi,ru,54.51460295872155,146.56448933469156,17.02,100,48,5.17
142,henties bay,na,-23.37920690272152,9.411458884167207,69.22,100,0,22.28
143,gualaquiza,ec,-3.846533355004318,-77.81743432834998,88.57,52,0,2.82
144,penzance,gb,49.53215157983389,-5.524377980615245,50,87,56,5.82
145,sabha,ly,28.527584792807794,13.665055867053118,78.57,16,0,10.09
146,bambous virieux,mu,-31.877283497636498,77.69900103072152,67.23,100,32,9.53
147,comodoro rivadavia,ar,-46.92335070111468,-69.85843762930894,57.33,42,36,8.75
148,yellowknife,ca,74.492122098488,-107.95758876159293,-1.26,81,56,19.26
149,port blair,in,12.191857820080688,86.68335237684114,82.81,100,24,7.18
150,launceston,au,-40.728688223556034,149.8786578067815,63.64,100,24,13.67
151,almeirim,br,-2.003466897345408,-52.785868308184654,82.08,78,88,3.04
152,middle island,kn,16.682314096925264,-63.36908213766135,79.83,99,32,10.31
153,zaraysk,ru,54.82164874371282,38.68672688666584,34.47,82,0,12.88
154,port alfred,za,-64.76735021243185,36.29671327945381,29.7,100,76,34.58
155,general roca,ar,-39.37087788552122,-66.09888916841734,73.54,25,0,11.99
156,tecoanapa,mx,14.881303807058277,-99.06507679606396,82.45,100,0,7.29
157,amderma,ru,75.27660833259239,68.00829662648496,1.54,90,88,19.82
158,hithadhoo,mv,-21.039250238660173,80.75730244320103,74.8,100,92,19.93
159,talara,pe,-4.540610453498207,-82.56276201944934,71.29,100,0,8.63
160,kodiak,us,48.79828190928062,-146.76202523194297,41.77,100,36,24.52
161,miri,my,7.11503576618865,110.93952797110678,82.18,100,88,20.15
162,mweka,cd,-4.690686832236035,21.57422164576515,77.58,80,8,3.38
163,chaupimarca,pe,-10.355688338224011,-76.36044531772488,59.95,65,68,2.93
164,husavik,is,80.41356782875981,-6.8816751613071165,-2.52,100,12,11.32
165,nizhneyansk,ru,81.12865734035786,139.7743336911021,8.74,81,68,11.65
166,asau,tv,-12.051079410163716,174.85013805110927,84.52,99,64,25.41
167,viedma,ar,-46.43965082131289,-58.867118933405365,53.1,96,68,25.52
168,lazaro cardenas,mx,13.273245873663583,-104.61223298586692,80.73,100,12,3.38
169,hovd,mn,43.284800452335546,100.8464236399456,26.47,14,0,8.19
170,beloha,mg,-27.838442182726723,41.139849306920496,80.02,100,88,2.59
171,sao joao da barra,br,-29.746921257247514,-25.866831266758236,75.97,100,92,11.43
172,cartagena,co,11.230206322745927,-76.4522329954188,80.1,100,0,20.71
173,nalut,ly,28.866494430680724,9.712679417273758,80.73,15,32,5.39
174,biak,id,-0.24386047716536408,137.4552446193963,83.62,100,88,5.73
175,ortigueira,br,-23.890042727698464,-50.64562182833979,81.45,54,0,3.38
176,attawapiskat,ca,58.763743878074884,-87.60047811992997,17.1,100,88,25.52
177,zhigansk,ru,68.97377778329184,120.26689891576711,10.9,64,32,2.82
178,xai-xai,mz,-25.71299177864723,34.391432730364365,81.91,99,0,7.85
179,laguna,br,-33.28492577264081,-43.489453938851284,67.95,100,8,4.16
180,bonfim,br,1.7456437859536778,-58.28842046468505,80.82,76,88,2.93
181,sentyabrskiy,ru,36.46102808836886,157.27794546825004,60.48,89,92,31
182,ahipara,nz,-31.545515795932157,173.0227847134426,69.85,100,56,12.33
183,presidencia roque saenz pena,ar,-25.843725612073516,-59.74955621273433,94.23,43,8,11.32
184,upernavik,gl,78.62704775978868,-57.28572467400986,-16.2,37,20,13.67
185,dhidhdhoo,mv,8.281902036012559,74.06089699073473,84.7,100,0,0.81
186,sola,vu,-10.71519091664052,170.30015095801605,81.45,100,80,22.06
187,takoradi,gh,-0.11660479848744187,-0.26607500432601405,81.64,100,56,8.75
188,cortez,us,37.26932851389664,-110.23841452627892,67.87,48,0,8.08
189,berlevag,no,83.82119793477943,32.20673801141545,-1.89,71,68,14.67
190,rungata,ki,-0.770627006637109,176.81479352486943,82,100,0,14.56
191,vaitupu,wf,-9.51361271732129,-175.78722910125867,82.62,100,12,10.42
192,altar,mx,31.352111114527226,-111.75848838718905,81.91,13,8,7.96
193,turayf,sa,31.797003753220828,40.15250096023661,59.5,24,0,3.27
194,adelaide,au,-35.13128257102083,138.22040266389646,62.6,48,0,9.17
195,sechura,pe,-8.084771428593596,-83.12460977232857,74.52,100,8,8.19
196,tiznit,ma,28.638457120265695,-11.340313863253996,62.6,59,40,20.8
197,aleppo,sy,35.63581453958561,37.41062137693354,66.6,34,8,8.3
198,emerald,au,-23.809713042530042,144.26874698874073,67.06,58,0,7.52
199,puerto ayora,ec,-7.904231660577203,-94.02647588488861,78.85,100,80,16.8
200,guerrero negro,mx,20.00663171417324,-127.19310778223605,70.57,100,88,14.23
201,gravdal,no,68.1083666757607,13.365639241766868,36.37,100,8,12.33
202,esperance,au,-39.98970143665449,126.48101634809804,57.25,100,68,10.76
203,vila velha,br,-24.448804061351392,-29.03525574765124,75.7,100,88,7.52
204,burica,pa,6.073704843138772,-83.79572910853456,80.92,100,12,1.81
205,misratah,ly,33.27207701435175,15.393281608849643,62.82,100,0,13.78
206,dunedin,nz,-52.24089447352323,176.80644304805875,46.45,100,8,15.57
207,barranca,pe,-4.559080261301966,-76.47934761201583,85.5,73,44,3.15
208,pacific grove,us,26.395095206160523,-135.6030943129216,67.69,100,80,11.1
209,pevek,ru,85.46948389995308,164.90041889771416,13.5,89,76,12.44
210,moranbah,au,-22.209297888812888,147.35008701084226,70.12,75,0,12.1
211,maragogi,br,-14.671375271428731,-25.822790492077935,78.75,100,0,12.1
212,bella vista,us,36.690382745790586,-94.07088948529503,35.11,59,1,11.41
213,kautokeino,no,69.36562493486359,23.34156441708692,30.2,54,0,5.82
214,port hedland,au,-26.145186245693385,120.82812541778668,67.95,31,0,2.48
215,rio gallegos,ar,-51.63712959072076,-65.13705942895743,44.74,100,12,21.05
216,juneau,us,59.50937997668052,-134.2179721037418,46.4,28,1,24.16
217,baghdad,iq,31.13614967114254,43.17754771914025,67.42,38,0,9.42
218,grand river south east,mu,-20.2958209631434,75.81486397431496,78.22,100,92,25.3
219,mozarlandia,br,-13.759946497139474,-52.14693818598283,82.27,89,48,4.61
220,faanui,pf,0.5840751875918315,-152.85219386273778,79.39,98,88,15.79
221,sur,om,20.020158787644654,63.82995337910197,81.37,100,0,7.18
222,mareeba,au,-16.773727796515704,143.56559154533224,75.33,85,68,4.16
223,itabaianinha,br,-11.15240108801227,-37.87141811316237,88.75,48,48,11.21
224,barrow,us,79.89053733107033,-161.00820190937242,4.42,81,48,9.86
225,ust-tsilma,ru,66.82329307161567,51.770936010762064,39.33,95,88,9.64
226,quatre cocos,mu,-17.39432014914145,73.64088774205534,80.47,100,64,22.39
227,santa rosa,bo,-16.174012704864904,-61.59740133890439,86,66,75,4.38
228,cambridge,us,40.09776351933037,-81.66613577647534,35.6,43,1,5.82
229,khonuu,ru,66.06901302366242,141.4671678696891,10.08,95,80,2.48
230,sibolga,id,-3.1817504380715,92.76854554191253,84.33,100,0,1.14
231,pimenta bueno,br,-12.150824978297386,-60.94756021604893,81.27,84,76,2.93
232,tamiahua,mx,22.855836720215212,-94.22555453608896,78.67,95,0,14.67
233,beringovskiy,ru,56.0075995447138,175.69118177735803,34.92,100,48,19.26
234,christchurch,nz,-45.315513080478915,175.63899629175566,54.55,100,56,8.86
235,caravelas,br,-22.916573552669306,-25.643274317256836,77.05,100,0,2.15
236,cabo san lucas,mx,11.577461964755093,-124.81128487250736,79.75,100,12,18.7
237,koshurnikovo,ru,54.090047673412094,93.98479594208828,35.56,91,92,2.15
238,mocuba,mz,-16.233830616323154,38.68949161878612,75.52,88,12,3.83
239,coihaique,cl,-45.3521430024089,-72.07250777102412,44.6,87,90,4.7
240,ahuimanu,us,37.608981694564356,-151.10222644012302,55,96,88,25.3
241,lakhdenpokhya,ru,61.12664898008527,30.423427211220947,33.04,80,32,13.33
242,namibe,ao,-13.581606669625549,4.093787882863047,74.7,100,12,10.76
243,vaitape,pf,-18.245962319494204,-155.9584655265944,82.18,100,80,12.21
244,tucuma,br,0.4455291539240558,-49.32196157785421,74.8,100,92,7.85
245,ternate,id,2.58451542679079,129.25906271329956,82.08,100,0,2.48
246,port augusta,au,-30.494834948278747,138.93155752648966,57.79,48,0,5.5
247,lampa,pe,-15.22815300397681,-70.43846464081528,60.8,36,40,3.36
248,botwood,ca,48.422631095860396,-55.11852547752663,36.19,94,92,9.64
249,hasaki,jp,31.75496041432719,148.12708979088524,66.43,93,68,23.85
250,westport,nz,-39.498938388450284,169.70435904637,61.39,100,0,7.52
251,hualmay,pe,-19.397750023539,-94.24179778616973,69.31,100,44,10.2
252,ribeira grande,pt,38.69872501112717,-31.330065641040335,63,97,76,18.81
253,yola,ng,8.82185676399896,12.326961245509304,80.92,61,68,5.61
254,margate,za,-40.32338839599028,40.18574874172353,65.52,100,64,25.64
255,alenquer,br,-0.43562989199900204,-54.39154147307291,74.07,95,92,2.82
256,concarneau,fr,46.273387880349105,-4.795629633751015,51.85,100,80,2.82
257,baykit,ru,64.8874821814419,93.97826839312341,-6.84,58,0,3.49
258,mariental,na,-24.319815334224312,17.83706046311766,87.8,23,0,2.24
259,saleaula,ws,-5.544064415700483,-170.1895239838135,79.47,100,64,9.75
260,stornoway,gb,58.772809593389624,-9.776279446486406,47.35,100,92,30.33
261,leshukonskoye,ru,68.04066041196515,46.70179700829038,31.42,94,88,12.55
262,mwene-ditu,cd,-7.651975612896573,22.341020887805485,70.75,90,44,2.04
263,guarambare,py,-25.52420475912591,-57.42704948701612,89.6,46,0,8.05
264,ponta do sol,cv,25.624657938097258,-31.578176308064908,69.04,100,92,21.5
265,ostrovnoy,ru,68.28103922068065,42.09249578160424,31.06,91,80,20.27
266,labuhan,id,-13.092829209569596,98.28254180153448,81.27,100,92,16.24
267,sao joao do piaui,br,-8.700740245011168,-42.031822295752306,80.65,88,20,5.73
268,atar,mr,22.009390872789435,-12.16619706330552,84.43,23,36,9.08
269,dakoro,ne,14.289849503378996,6.6044143785569265,90.64,18,0,5.73
270,sehithwa,bw,-20.302128279044314,22.48916854204387,70.39,82,48,6.17
271,sataua,ws,-11.456597276615977,-173.17487406697998,84.6,99,80,7.18
272,marsh harbour,bs,29.8635415255053,-71.95943159955667,71.1,100,44,11.54
273,sajanan,tn,36.931330978618305,9.165824864962044,70.7,25,0,12.75
274,nabire,id,-3.5791764038897513,134.18135744161737,71.56,93,92,2.15
275,salta,ar,-24.239504664152697,-67.33645733143572,59.95,6,0,6.17
276,celestun,mx,20.904834475013025,-91.27663602699863,80.02,93,0,15.12
277,tselinnoye,ru,52.99973117760409,85.6735739953103,34.12,95,88,5.61
278,lavumisa,sz,-27.445795244168867,33.40827422471315,79.83,100,0,6.96
279,avera,pf,-21.482024581057615,-154.37248883117752,80.73,100,92,16.02
280,soubre,ci,5.481193278048711,-6.782128815580868,79.39,88,56,7.63
281,shingu,jp,30.846802396251512,138.18815042285476,62.92,100,92,26.19
282,nelson bay,au,-34.78808425171962,156.7287482825214,71.29,99,12,7.07
283,cidreira,br,-39.36106643015449,-42.15803521445772,63.91,100,48,19.93
284,iqaluit,ca,57.60304404216923,-65.4130357060805,10.08,83,68,13.56
285,kuche,cn,39.40545704899044,83.28408719133127,43.75,27,0,3.27
286,nyalikungu,tz,-3.116797620768713,33.75802132762884,66.79,94,12,6.17
287,humberto de campos,br,-2.538001646397908,-43.47265485027948,81.19,97,80,5.84
288,nantucket,us,37.75830040458706,-68.9716708138912,60.85,100,92,7.63
289,kalmunai,lk,8.191314630936548,85.38550489881392,84.6,100,12,6.96
290,mount gambier,au,-52.840210492871904,131.5123191759783,41.32,100,44,14.12
291,chachapoyas,pe,-5.858446198509438,-77.81099866682223,67.5,80,64,2.93
292,dailly,gb,55.29508915853492,-4.745178144372004,48.99,87,40,2.93
293,ouadda,cf,8.09831857182872,22.115611231766696,78.67,62,76,6.06
294,tual,id,-8.717375231019139,132.38191426067343,84.87,100,0,4.72
295,necochea,ar,-52.93229950461909,-51.936212267974554,46.35,94,68,19.82
296,san patricio,mx,5.6514514246264405,-113.08926754798229,78.75,100,36,6.4
297,tura,ru,68.29440781026827,95.33893925447458,-13.86,38,36,2.15
298,pangkalanbuun,id,-3.5700207033255307,110.23642357844344,83.8,100,36,2.48
299,lebu,cl,-32.781072085430424,-99.93327035188938,67.42,100,20,25.86
300,carupano,ve,11.64168973607279,-63.010438286646554,77.5,100,48,15.23
301,tilichiki,ru,59.367129339216916,165.19795124653234,29.17,100,56,18.81
302,bengkulu,id,-5.526994915144131,101.13043696394413,83.52,100,64,11.21
303,prainha,br,-0.18156274895494207,-53.67798582120188,79.57,83,92,2.93
304,saint anthony,ca,55.171145498978404,-57.19529466001445,19.72,100,68,29.33
305,hambantota,lk,0.9850524967535124,83.8850717502104,83.07,100,48,1.48
306,alyangula,au,-14.065663846270061,137.59527768526735,85.6,100,0,10.09
307,rocha,uy,-35.27439344456215,-53.62288101552856,69.22,100,0,14.79
308,la ronge,ca,62.57148901396201,-106.48556304877029,7.38,97,48,6.96
309,kedrovyy,ru,57.60390249990476,80.4478590159078,33.57,97,88,2.59
310,richards bay,za,-30.7365296735642,35.94100420610033,76.95,100,0,9.31
311,puerto madryn,ar,-41.668666046236396,-65.03279381015905,66.6,81,0,16.13
312,prescott,us,34.627642485547476,-112.66723036184311,75.2,27,1,11.41
313,ca mau,vn,9.442071376806352,104.08651841262906,77.41,100,92,17.58
314,mahebourg,mu,-31.780293996158242,69.97777554057774,69.85,100,44,14.23
315,teahupoo,pf,-19.66985844304297,-148.51220124832818,80.29,100,20,2.82
316,provideniya,ru,63.64139436483684,-174.88679014776616,24.04,100,68,3.6
317,atasu,kz,48.013295660947,71.21011396489745,38.17,96,76,11.43
318,ngunguru,nz,-32.53489430829256,177.00362690703287,69.04,100,92,12.33
319,tandil,ar,-36.74012939568643,-58.96037276192999,65.62,98,48,5.17
320,fairbanks,us,63.525272725786586,-147.9691550080291,17.6,61,1,1.92
321,buariki,ki,1.691813949587907,170.20129181865846,83.44,99,0,10.42
322,oranjemund,na,-32.3029831717581,12.612283863175735,66.16,100,0,16.35
323,huarmey,pe,-18.773657354701935,-94.13323557209019,69.67,100,0,13.44
324,mazagao,br,1.0218676312464325,-52.76515607025865,76.15,88,92,2.71
325,kracheh,kh,12.184109107432253,106.1347561651546,78.04,60,32,7.96
326,loa janan,id,-0.3025970319862692,116.80953697441001,75.25,100,48,2.04
327,pitimbu,br,-7.176436268386376,-27.56645515778294,81,100,48,12.44
328,warner robins,us,32.64506006279156,-83.57983654948198,67.41,77,90,5.82
329,teya,ru,62.895002753986226,91.05829917525705,-1.8,57,0,5.17
330,goma,cd,-1.3206170973994846,29.144149485890946,60.04,95,64,1.92
331,marataizes,br,-21.128438940503788,-41.05220292086814,77,88,75,11.41
332,nouadhibou,mr,24.36284485062083,-16.5023192208374,65.44,100,0,24.07
333,kavaratti,in,9.337418587664688,64.78482493755239,84.16,100,0,5.17
334,aitape,pg,-3.1734554849437657,142.13423278317404,78.57,100,0,3.15
335,san cristobal,ec,-11.774289416505416,-91.89965778061543,75.16,100,64,14.23
336,vanderhoof,ca,54.41787681837926,-123.52908424498968,26.02,61,20,3.49
337,lunglei,in,22.756345236275145,92.32324433970638,70.39,92,44,1.92
338,mount isa,au,-22.642122032514724,139.21067123522192,68.32,57,8,4.61
339,imbituba,br,-30.535398078150862,-42.898219195739436,72.55,100,48,3.71
340,grindavik,is,59.14002568857795,-26.29522263979648,44.82,98,92,34.47
341,wad madani,sd,14.48749176511975,33.30459508236362,74.07,17,0,7.96
342,katherine,au,-19.093341608930537,132.87570380021504,75.6,46,0,3.15
343,tambopata,pe,-13.07721035549643,-68.04521097259901,82.98,92,32,5.17
344,man,ci,7.208733268236559,-7.589105081676177,83.35,69,48,6.73
345,wamba,cd,1.0291375443281536,27.87694578750582,75.6,82,64,0.36
346,maputo,mz,-26.344512922739884,33.75331414680345,81.1,99,0,8.97
347,bella union,uy,-30.565466363711558,-58.26788839055544,88.12,48,32,6.17
348,bay city,us,28.23309313864959,-95.95631197725183,57.24,81,90,24.16
349,srednekolymsk,ru,67.49129313685793,156.02110527731662,10.45,79,0,2.37
350,atambua,id,-9.715553457260437,125.20194150974574,84.7,100,0,5.39
351,rawson,ar,-45.62583995294186,-61.801667452157,59.14,93,48,20.27
352,sao filipe,cv,13.736480306824912,-29.71420384468597,73.81,100,0,19.04
353,benicarlo,es,39.789003635111385,1.029876687767608,59.41,96,24,14.23
354,kwekwe,zw,-18.54257312178466,28.47810895993295,72.27,76,92,4.16
355,coquimbo,cl,-29.795776055620166,-75.19248148744445,60.48,100,0,3.94
356,port-cartier,ca,55.056560400388896,-69.02948972731762,11.25,90,88,19.93
357,chara,ru,58.43455285421402,117.47217060074435,0.63,47,0,2.26
358,coffs harbour,au,-30.741733119139088,156.6808649711897,73.45,100,92,8.41
359,piacabucu,br,-15.787562977872586,-31.418882648463967,79.57,100,0,12.21
360,deer lake,ca,48.8418960365006,-56.66311318710579,30.2,92,90,9.17
361,sorland,no,70.34608141557139,10.676186032641269,34.38,100,0,9.42
362,broome,au,-21.08915354815273,123.29114400822404,71.56,52,36,2.82
363,jacareacanga,br,-7.53754920696753,-59.223718868909174,84.25,75,36,2.93
364,nome,us,60.95467715435079,-166.41304128686073,8.6,92,1,4.7
365,pakxan,la,18.16382945859513,103.4381819937403,60.31,65,24,8.75
366,te karaka,nz,-38.44458889168952,177.99865912902692,52.39,81,0,6.17
367,san ignacio,pe,-4.767999152249532,-79.07052526531247,64.81,83,92,1.92
368,chapais,ca,57.19565241977791,-76.0233408723497,9.19,90,88,15.01
369,nurobod,uz,39.899430167994424,66.44601209952019,46.4,75,0,4.7
370,port-gentil,ga,-0.902862342065559,8.675528254793765,84.2,79,20,6.93
371,trairi,br,-0.009298337521765898,-37.18527096494812,81.82,100,68,8.97
372,alcanena,pt,39.495916039120715,-8.640117355615633,55.4,76,40,9.17
373,chiang klang,th,19.45278583828447,101.52980450071915,53.82,86,0,1.7
374,umzimvubu,za,-49.6245585490741,43.8199443553494,42.04,94,0,18.81
375,lufilufi,ws,-0.0933154975271433,-164.19090426869894,81,97,32,15.35
376,pochutla,mx,12.27946834652378,-95.7870524894987,83.35,100,12,3.6
377,faya,td,22.497229643412126,23.58052442573016,75.07,11,0,8.86
378,wellsford,nz,-36.31747466207103,174.33670267827628,57.7,100,8,5.5
379,pimentel,pe,-9.456773876127818,-84.95442937205365,76.5,100,32,6.96
380,camara de lobos,pt,32.024982208355034,-17.114131798435153,64.54,100,0,17.02
381,thul,pk,28.313343046003425,68.78728718625352,80.02,31,0,5.39
382,murupara,nz,-38.58440571637169,177.0630180696114,48.7,80,32,1.92
383,quyquyho,py,-26.168194263199744,-56.912862853444935,89.56,55,0,4.27
384,tessalit,ml,20.0328305489173,-0.8489412167099908,92.97,8,0,2.71
385,qandala,so,14.81984455134244,49.42144381828097,61.12,96,0,2.93
386,kindu,cd,-2.7914643606220735,24.658888436689946,72.64,88,24,2.37
387,itajobi,br,-21.34610797026596,-49.14124761907941,89.6,33,40,6.93
388,ixtapa,mx,3.531453425397779,-108.34666394108226,80.29,100,68,6.51
389,sarangani,ph,4.992286970608016,125.8949353044031,83.17,100,0,3.38
390,auki,sb,-5.160481350543815,162.6402587101019,84.7,99,64,2.48
391,diego de almagro,cl,-26.788801263361563,-69.70846219255216,54.82,76,0,2.15
392,champerico,gt,10.841196453713126,-92.78959213742364,81.82,100,12,1.03
393,chagda,ru,58.02790923337163,131.85439216781447,18.37,86,92,8.41
394,merauke,id,-10.734546584133252,139.39373079461814,84.16,100,0,8.19
395,liku,wf,-12.874555257677045,-175.1152540417731,83.89,100,92,8.52
396,norman wells,ca,68.6205905743389,-122.96482215151421,7.2,81,0,4.38
397,lorengau,pg,9.760698143947783,150.09023942511578,80.47,100,56,13.44
398,kandrian,pg,-6.639207459890764,150.007914640955,83.17,100,20,8.19
399,tucuman,ar,-26.774047248972426,-66.14020220127396,70.47,27,8,1.48
400,kenai,us,63.49763677572911,-154.5162121657125,17.6,67,1,3.36
401,pennadam,in,11.396716799145986,79.09370628835624,75.33,89,0,4.94
402,matiri,tz,-10.526377304031971,34.9122253066178,68.5,100,20,4.05
403,sao felix do xingu,br,-6.754842007026205,-54.766513408623545,85.87,69,48,2.93
404,ponta delgada,pt,35.12438230795272,-26.28439684078748,63.72,100,56,18.03
405,lugovoy,ru,59.92403383737834,65.47514322312853,24.49,87,0,4.05
406,namanga,ke,-2.544482176689715,37.05878974259349,63.55,97,44,2.93
407,macusani,pe,-14.210900230984025,-69.74925866466333,51.94,76,80,4.16
408,wilmington,us,32.74369952169199,-76.6684093732357,71.56,100,76,23.29
409,kathmandu,np,28.569313319337027,85.11326365976602,16.57,100,64,1.59
410,praya,id,-12.996110852876456,117.32233064778978,86.41,100,0,7.63
411,tautira,pf,-14.348290926125282,-143.6510460144777,81.19,100,44,10.76
412,lavrentiya,ru,70.77241090421242,-171.58149757066772,7.38,85,76,24.52
413,muborak,uz,39.50392799668802,65.0738267118627,52.66,54,0,6.93
414,waipawa,nz,-45.87381083979398,176.8508476941256,54.64,100,68,9.53
415,san carlos de bariloche,ar,-43.171068908038905,-71.5383464382927,51.8,57,0,3.36
416,twentynine palms,us,34.705198386525815,-115.55186829380932,84.79,34,0,6.17
417,akdepe,tm,41.47423222095686,58.86730204665862,52.83,47,0,7.29
418,mahanoro,mg,-20.27283785515328,48.968668480391536,77.68,100,44,4.61
419,natalio,py,-26.748699390653382,-54.99682384694556,87.31,45,0,2.93
420,whitehorse,ca,59.97656203789388,-134.1546084724242,20.35,80,0,2.26
421,ozgon,kg,39.62680289207777,73.97609875401886,21.25,90,92,1.81
422,upington,za,-27.877078119798313,20.946210103231245,77,29,20,5.82
423,salinas,ec,-1.5033530441023668,-81.51678319785037,73.54,100,0,6.51
424,acarau,br,3.4628616753606725,-39.58345188430596,79.12,100,76,11.65
425,duz,tn,33.395389026929436,9.45530326495552,64.4,59,32,14.99
426,wellington,au,-32.49339364202043,149.05893834150913,59,58,0,2.24
427,toledo,br,-24.568236356651038,-53.65192868303847,83.97,65,0,5.06
428,puertollano,es,38.67791396591203,-4.266348385551497,47.35,96,92,4.72
429,kushmurun,kz,49.992073445699305,63.991131790799685,31.06,86,0,8.41
430,quelimane,mz,-19.421724675458044,38.03581530444191,84.52,98,8,12.44
431,chicama,pe,-9.81672381470409,-83.9955121972146,76.5,100,12,8.41
432,sangueya,gn,9.780858514803889,-15.425707456662746,75.52,100,0,8.97
433,is,ru,58.96668960987793,60.05203540141958,29.8,92,0,5.73
434,portland,au,-46.74206088846469,135.88181919498447,47.8,100,92,20.38
435,ariquemes,br,-9.389245284288588,-63.288485620775596,86.95,68,44,2.93
436,virginia beach,us,36.67741932321528,-73.71992580763873,62.92,100,88,13.44
437,komarno,ua,49.71437834927134,23.685924060402026,51.8,53,0,8.95
438,vao,nc,-29.24547731764909,167.98598017233684,66.2,68,40,5.82
439,mahina,pf,-14.925570373601134,-149.12237512779384,82.08,100,92,8.75
440,manzanillo,mx,17.905584853437475,-104.5961683830318,75.79,100,0,0.69
441,el balyana,eg,25.180986458435687,31.177598898117587,74.62,20,0,10.76
442,dalby,au,-27.646621805633313,151.41742984912136,53.6,93,0,4.7
443,gualeguay,ar,-32.66592738515003,-59.143160986554115,69.67,100,80,3.38
444,fort nelson,ca,58.51883331551985,-123.8886348299902,19.27,63,0,2.82
445,linchuan,cn,28.046679203151914,116.16245237222881,40.5,56,0,6.4
446,fomboni,km,-13.547672498906692,43.63933181730894,84.07,100,0,8.97
447,alto vera,py,-26.421013324228657,-55.755785597161896,90.91,34,0,2.93
448,lagoa,pt,51.41898001460586,-32.04906073528213,43.38,100,56,27.54
449,barletta,it,41.62815497141824,16.42427457293725,53.6,81,0,2.24
450,hwange,zw,-18.018189888714357,26.333107529254832,75.87,71,36,2.48
451,puerto leguizamo,co,-1.530794505517058,-73.82730129282787,91.54,58,0,5.39
452,bathsheba,bb,23.415191249073626,-43.854721033346515,72.64,100,64,18.92
453,hami,cn,40.74733430064631,92.14378586968158,35.29,23,0,4.72
454,kimbe,pg,-4.9127190395261655,148.86506871940728,83.52,100,64,4.72
455,tiarei,pf,-14.372619926895387,-145.935642369507,80.92,100,48,10.2
456,carutapera,br,8.006780421474986,-41.18913571070413,78.22,100,44,16.58
457,sistranda,no,68.7847101541174,6.4060263613919695,36.9,100,20,4.61
458,grand gaube,mu,-18.570197289592905,58.80590018325895,80.1,100,0,10.76
459,altamira,br,-3.4357051126720615,-51.119792584267216,79.57,82,92,3.27
460,los llanos de aridane,es,30.241487948307263,-24.512407746404733,65.44,100,36,18.14
461,tahta,eg,24.300424199653715,28.59200533233849,73.54,18,0,9.19
462,samarai,pg,-16.339238545004953,155.61327384824875,80.29,100,48,13.78
463,doctor pedro p. pena,py,-24.04013709818764,-61.6989142506564,92.17,58,20,16.35
464,sept-iles,ca,52.897741785217,-65.71999592823039,15.85,97,12,14.23
465,erenhot,cn,44.6663802639128,110.5363737619651,19.08,70,0,3.38
466,vila,vu,-16.93312439176647,171.25862087100765,79.2,100,92,14.45
467,rio grande,br,-41.39138457899472,-41.26169449537214,60.04,100,80,18.14
468,thurles,ie,52.585159179467254,-7.7741998188332895,50.5,93,24,6.96
469,semey,kz,49.577293276446426,79.94651295739597,36.27,91,44,6.4
470,hokitika,nz,-41.768606311208536,168.489864089525,59.95,100,36,13.22
471,yacuiba,bo,-21.953100770278827,-64.08627229919976,86,70,75,11.41
472,tarudant,ma,28.332777097668192,-6.23481672091539,79.75,16,0,18.25
473,jiangyou,cn,32.67205940087291,103.38691106318514,15.94,68,0,1.7
474,waiouru,nz,-39.134723783377694,175.0944435376238,43.75,87,92,2.71
475,maldonado,uy,-37.67975700899266,-53.026759559203654,65.35,100,32,26.53
476,lompoc,us,31.453685177386557,-123.41752055404066,62.47,95,80,14.56
477,holme,no,59.580546652365534,4.415413669737072,44.6,75,0,6.93
478,ambalavao,mg,-21.722760413956273,46.46301679936022,72.37,63,64,8.41
479,paracuru,br,-2.6494824630571934,-38.56004973285521,78.67,100,44,2.04
480,newtownards,gb,54.56829563315305,-5.392987003972265,48.2,93,36,4.7
481,champasak,la,14.515775786063376,106.7637032892796,72.27,58,20,5.28
482,maningrida,au,-9.32213577742979,133.71827767903494,84.79,100,0,5.73
483,san juan,ar,-31.593541541917986,-67.19379597055118,77.41,40,8,5.17
484,nanakuli,us,19.675374610001697,-159.93753633069613,76.6,100,76,13.78
485,waddan,ly,28.452337693955982,18.519903283427773,66.33,24,0,4.94
486,waitati,nz,-46.258782562211124,171.5106341881516,52.75,100,100,14.56
487,harper,lr,-1.0398999112325247,-8.260589841092845,81.64,100,80,9.42
488,bonavista,ca,49.50504892760716,-51.71127706331753,30.07,98,92,21.72
489,solnechnyy,ru,59.0057641253737,139.3576040757858,20.35,79,80,2.37
490,okato,nz,-37.77538613991101,171.05425568187752,63.37,100,0,9.64
491,santa ines,br,-3.645855597494152,-45.34854067201378,85.23,78,48,3.49
492,sal rei,cv,15.726205665922969,-22.814981333055833,71.6,68,75,20.8
493,qabis,tn,34.26809036075746,10.151854966962501,64.4,59,36,14.99
494,ranfurly,nz,-44.57185595767798,170.3244675778629,30.6,97,32,2.37
495,belmonte,br,-16.124855634941916,-32.06089842073381,80.29,100,64,11.43
496,hofn,is,68.86498002573381,-10.450657824595131,25.47,100,12,20.83
497,afyonkarahisar,tr,38.80801961751132,30.16657824182684,51.67,43,12,5.28
498,ulladulla,au,-39.098255651608596,156.51616843771504,66.25,100,92,15.79
499,tefe,br,-3.9490047581353274,-65.08854833369122,89.1,63,68,2.82
